OrderID,CustomerName,Region,Product,Quantity,UnitPrice,SalesDate,DeliveryDate,Discount
1001,Allison Hill,West,Tablet,1,300,2024-01-02,2024-01-08,0.1
1002,Noah Rhodes,South,Laptop,2,850,2024-02-17,2024-02-18,0.0
1003,Angie Henderson,East,Laptop,1,850,2024-01-06,2024-01-08,0.05
1004,Daniel Wagner,West,Tablet,2,300,2024-02-15,2024-02-21,0.15
1005,Cristian Santos,West,Mobile,5,400,2024-01-18,2024-01-25,0.0
1006,Connie Lawrence,West,Tablet,4,300,2024-01-22,2024-01-25,0.05
1007,Abigail Shaffer,North,Mobile,1,400,2024-01-06,2024-01-10,0.0
1008,Gina Moore,South,Mobile,5,400,2024-01-17,2024-01-24,0.0
1009,Gabrielle Davis,North,Tablet,1,300,2024-02-29,2024-03-04,0.0
1010,Ryan Munoz,West,Tablet,5,300,2024-02-26,2024-03-04,0.1
1011,Monica Herrera,North,Tablet,1,300,2024-01-03,2024-01-09,0.05
1012,Jamie Arnold,North,Laptop,2,850,2024-02-25,2024-02-26,0.15
1013,Lisa Hensley,West,Mobile,3,400,2024-01-11,2024-01-14,0.1
1014,Michele Williams,West,Tablet,3,300,2024-02-14,2024-02-20,0.0
1015,Dylan Miller,North,Tablet,2,300,2024-01-11,2024-01-15,0.15
1016,Brian Ramirez,East,Tablet,5,300,2024-01-15,2024-01-21,0.1
1017,Holly Wood,North,Laptop,1,850,2024-02-21,2024-02-24,0.15
1018,Derek Zuniga,West,Laptop,2,850,2024-02-28,2024-03-04,0.1
1019,Lisa Jackson,West,Tablet,4,300,2024-01-26,2024-02-01,0.15
1020,Carla Gray,South,Mobile,2,400,2024-01-16,2024-01-22,0.1
1021,Margaret Hawkins DDS,South,Tablet,4,300,2024-01-24,2024-01-26,0.05
1022,Patty Perez,West,Laptop,1,850,2024-02-25,2024-02-26,0.05
1023,Ethan Adams,South,Tablet,4,300,2024-02-08,2024-02-09,0.15
1024,Tommy Walter,East,Tablet,4,300,2024-02-03,2024-02-06,0.0
1025,Matthew Foster,East,Tablet,5,300,2024-02-18,2024-02-21,0.1
1026,Judy Baker,North,Mobile,4,400,2024-01-11,2024-01-15,0.0
1027,Justin Baker,West,Tablet,2,300,2024-02-02,2024-02-03,0.1
1028,Stephanie Ross,North,Laptop,3,850,2024-02-18,2024-02-20,0.0
1029,Zachary Hicks,West,Mobile,1,400,2024-01-08,2024-01-11,0.1
1030,Anthony Rodriguez,East,Laptop,2,850,2024-02-26,2024-03-02,0.0
1031,Rebecca Henderson,West,Tablet,4,300,2024-02-22,2024-02-23,0.05
1032,James Ferrell,North,Tablet,4,300,2024-03-01,2024-03-06,0.05
1033,Tricia Valencia,North,Tablet,5,300,2024-01-28,2024-01-30,0.05
1034,Nathan Maldonado,East,Mobile,3,400,2024-01-29,2024-02-03,0.15
1035,Debra Davidson,West,Laptop,2,850,2024-01-05,2024-01-08,0.0
1036,Jeffrey Chavez,West,Tablet,2,300,2024-01-01,2024-01-02,0.0
1037,Sherri Baker,West,Laptop,1,850,2024-02-25,2024-02-28,0.0
1038,Cassandra Gaines,South,Mobile,4,400,2024-01-14,2024-01-19,0.05
1039,Elizabeth Fowler,East,Laptop,4,850,2024-02-21,2024-02-25,0.05
1040,Brittany Farmer,South,Laptop,4,850,2024-01-23,2024-01-27,0.15
1041,Paula Moreno,East,Tablet,1,300,2024-02-13,2024-02-19,0.0
1042,Fred Smith,West,Mobile,3,400,2024-02-21,2024-02-28,0.0
1043,Sherry Decker,South,Laptop,2,850,2024-02-04,2024-02-08,0.05
1044,Anthony Humphrey,South,Laptop,3,850,2024-01-30,2024-02-01,0.0
1045,Angelica Tucker,East,Tablet,1,300,2024-01-04,2024-01-10,0.0
1046,Philip Cannon,West,Laptop,2,850,2024-01-27,2024-01-31,0.15
1047,John Pierce,South,Mobile,1,400,2024-01-11,2024-01-15,0.0
1048,Shane Henderson,West,Mobile,4,400,2024-01-19,2024-01-23,0.15
1049,Joshua Blair,North,Laptop,3,850,2024-01-14,2024-01-15,0.0
1050,Eric Carney,East,Laptop,1,850,2024-02-07,2024-02-11,0.05
1051,Jessica Holmes,East,Tablet,1,300,2024-02-24,2024-02-26,0.0
1052,Danny Morgan,East,Tablet,2,300,2024-01-26,2024-01-27,0.05
1053,Crystal Robinson,North,Tablet,1,300,2024-01-27,2024-02-02,0.1
1054,Mark Perez,West,Laptop,3,850,2024-01-16,2024-01-19,0.15
1055,Shannon Jones,East,Tablet,3,300,2024-01-30,2024-02-02,0.0
1056,Michael Lewis,West,Mobile,5,400,2024-02-06,2024-02-07,0.0
1057,Timothy Duncan,West,Tablet,3,300,2024-01-09,2024-01-12,0.0
1058,Richard Aguirre,East,Mobile,3,400,2024-01-11,2024-01-15,0.1
1059,Brent Jordan,West,Tablet,5,300,2024-01-20,2024-01-26,0.0
1060,John Daniel,North,Mobile,1,400,2024-02-26,2024-02-27,0.05
1061,Victoria Garcia,West,Mobile,5,400,2024-01-14,2024-01-20,0.1
1062,Gerald Hensley,East,Tablet,3,300,2024-02-02,2024-02-06,0.1
1063,Connor West,East,Laptop,4,850,2024-02-23,2024-02-26,0.0
1064,Donald Wright,South,Mobile,2,400,2024-02-10,2024-02-13,0.05
1065,Jessica Callahan,East,Tablet,4,300,2024-02-05,2024-02-06,0.0
1066,Amber Kidd,West,Tablet,2,300,2024-02-04,2024-02-05,0.1
1067,Tracy House,East,Mobile,2,400,2024-01-03,2024-01-06,0.1
1068,Carol Tucker,North,Mobile,2,400,2024-02-13,2024-02-15,0.0
1069,James Brown,West,Tablet,4,300,2024-02-09,2024-02-15,0.05
1070,William Baker,West,Laptop,2,850,2024-02-26,2024-03-01,0.0
1071,Jordan Henderson,North,Tablet,3,300,2024-02-20,2024-02-24,0.05
1072,Whitney Peters,South,Laptop,1,850,2024-01-25,2024-02-01,0.0
1073,Brittney Phillips,North,Laptop,2,850,2024-02-22,2024-02-26,0.1
1074,Lauren Daniels,South,Laptop,2,850,2024-01-02,2024-01-08,0.05
1075,Amy Silva,North,Mobile,3,400,2024-02-25,2024-02-26,0.1
1076,Sarah Moore,East,Tablet,5,300,2024-01-26,2024-02-01,0.1
1077,Angela Lopez,East,Laptop,3,850,2024-01-12,2024-01-17,0.1
1078,Megan Young,South,Laptop,5,850,2024-01-28,2024-01-31,0.1
1079,Steve Sanchez,North,Tablet,5,300,2024-01-08,2024-01-12,0.05
1080,Lisa Barnes,North,Laptop,4,850,2024-01-01,2024-01-06,0.05
1081,Kelly Donovan,North,Mobile,1,400,2024-03-01,2024-03-07,0.1
1082,Mike Allen,South,Tablet,1,300,2024-02-16,2024-02-19,0.1
1083,Michael Evans,West,Mobile,4,400,2024-02-14,2024-02-17,0.05
1084,Paul Jones,North,Mobile,4,400,2024-02-13,2024-02-19,0.05
1085,Zachary Ferrell,North,Mobile,5,400,2024-02-23,2024-02-24,0.1
1086,Daniel Baker,South,Laptop,4,850,2024-02-20,2024-02-25,0.1
1087,Shirley Suarez,West,Mobile,4,400,2024-02-13,2024-02-15,0.15
1088,Christopher Bass,East,Tablet,1,300,2024-01-19,2024-01-24,0.1
1089,Lisa Archer,West,Laptop,3,850,2024-01-15,2024-01-22,0.05
1090,Aimee Montoya,South,Laptop,1,850,2024-01-16,2024-01-20,0.0
1091,Matthew Mcmillan,South,Mobile,5,400,2024-01-13,2024-01-19,0.15
1092,Brian Rodriguez,East,Mobile,2,400,2024-01-10,2024-01-16,0.0
1093,Denise Jacobs,East,Mobile,2,400,2024-01-12,2024-01-19,0.15
1094,Christina Walters,South,Tablet,2,300,2024-02-28,2024-03-06,0.0
1095,John Whitehead,South,Laptop,4,850,2024-02-12,2024-02-17,0.1
1096,Anna Henderson,West,Tablet,5,300,2024-01-28,2024-02-04,0.15
1097,Aaron Wise,North,Tablet,4,300,2024-01-29,2024-02-01,0.05
1098,Deborah Figueroa,South,Tablet,4,300,2024-02-10,2024-02-12,0.1
1099,Jessica Smith,North,Laptop,3,850,2024-01-16,2024-01-19,0.1
1100,Stephen Mckee,South,Tablet,1,300,2024-01-09,2024-01-11,0.05
1101,Sandra Aguilar,South,Tablet,2,300,2024-02-15,2024-02-17,0.0
1102,Cameron Parker,East,Mobile,3,400,2024-02-04,2024-02-08,0.15
1103,Rebecca Valencia,South,Laptop,4,850,2024-01-25,2024-02-01,0.0
1104,Christine Wright,South,Mobile,1,400,2024-03-01,2024-03-04,0.1
1105,Richard Henson,South,Mobile,5,400,2024-02-17,2024-02-23,0.05
1106,Marc Moore,South,Laptop,3,850,2024-01-28,2024-02-01,0.0
1107,Sharon Cherry,West,Mobile,4,400,2024-02-16,2024-02-18,0.15
1108,Sierra Johnson,East,Tablet,5,300,2024-01-02,2024-01-06,0.0
1109,Evelyn Galvan,West,Tablet,4,300,2024-01-09,2024-01-16,0.15
1110,Sharon Cochran,South,Laptop,3,850,2024-01-25,2024-01-28,0.05
1111,Richard Rodriguez,South,Mobile,3,400,2024-02-18,2024-02-22,0.1
1112,Shannon Walker,North,Mobile,1,400,2024-01-31,2024-02-01,0.0
1113,Julia Torres,East,Laptop,1,850,2024-02-19,2024-02-25,0.0
1114,Crystal Johnson,West,Laptop,2,850,2024-02-23,2024-02-24,0.05
1115,Garrett Lin,South,Laptop,4,850,2024-02-12,2024-02-13,0.05
1116,Diana May,East,Tablet,3,300,2024-02-19,2024-02-22,0.05
1117,William Herrera,North,Laptop,3,850,2024-01-07,2024-01-12,0.0
1118,Ashley Waller,East,Tablet,4,300,2024-01-26,2024-02-01,0.05
1119,Victor Baker,East,Tablet,2,300,2024-01-07,2024-01-13,0.1
1120,Jeffrey Chandler,North,Tablet,1,300,2024-01-23,2024-01-28,0.15
1121,Larry Dixon,South,Laptop,5,850,2024-02-11,2024-02-14,0.0
1122,Kenneth Scott,West,Mobile,1,400,2024-01-28,2024-01-31,0.15
1123,April Frost,South,Mobile,2,400,2024-02-16,2024-02-21,0.1
1124,Michelle Harmon,North,Mobile,4,400,2024-02-22,2024-02-28,0.1
1125,Helen Jones,South,Laptop,1,850,2024-01-18,2024-01-22,0.05
1126,Erin Edwards,East,Tablet,5,300,2024-02-12,2024-02-16,0.1
1127,Michelle Evans,North,Mobile,3,400,2024-01-12,2024-01-16,0.05
1128,Jason Powell,East,Mobile,3,400,2024-01-18,2024-01-23,0.1
1129,Cameron Fisher,South,Tablet,2,300,2024-01-06,2024-01-08,0.15
1130,Megan Orr,South,Tablet,2,300,2024-02-14,2024-02-18,0.15
1131,Elizabeth Kelley,West,Laptop,1,850,2024-01-19,2024-01-21,0.15
1132,Dustin Jordan,South,Mobile,5,400,2024-01-24,2024-01-28,0.1
1133,Mary Marshall,North,Tablet,5,300,2024-01-22,2024-01-25,0.15
1134,Daniel Kennedy,North,Mobile,3,400,2024-01-15,2024-01-16,0.05
1135,Rebecca Jackson,West,Laptop,5,850,2024-03-01,2024-03-08,0.05
1136,Jose Schultz,East,Laptop,4,850,2024-01-18,2024-01-24,0.1
1137,Robert Potter,North,Laptop,3,850,2024-01-15,2024-01-18,0.05
1138,Courtney Gonzalez,East,Laptop,5,850,2024-01-09,2024-01-12,0.0
1139,David Alvarez,East,Tablet,3,300,2024-02-14,2024-02-16,0.15
1140,Angel Perry,South,Laptop,5,850,2024-01-19,2024-01-23,0.15
1141,Cheyenne Horton,East,Mobile,2,400,2024-01-04,2024-01-07,0.15
1142,David Douglas Jr.,West,Laptop,4,850,2024-02-01,2024-02-02,0.0
1143,Patricia Rodriguez,West,Laptop,5,850,2024-03-01,2024-03-04,0.0
1144,Christopher Rubio,South,Laptop,5,850,2024-02-18,2024-02-22,0.05
1145,Amber Wright,North,Mobile,4,400,2024-01-20,2024-01-27,0.15
1146,Joyce Solis,West,Tablet,5,300,2024-01-04,2024-01-09,0.0
1147,Victoria Larson,West,Tablet,2,300,2024-01-17,2024-01-23,0.0
1148,Stephanie Salazar,East,Laptop,2,850,2024-02-05,2024-02-06,0.05
1149,Kathy Rivas,North,Mobile,4,400,2024-02-14,2024-02-19,0.15
1150,Stephanie Manning,South,Laptop,2,850,2024-01-19,2024-01-25,0.1
1151,David Wright,South,Laptop,2,850,2024-02-29,2024-03-03,0.05
1152,Pamela Boyd,North,Laptop,5,850,2024-01-15,2024-01-21,0.05
1153,Denise Jones,North,Laptop,1,850,2024-01-04,2024-01-06,0.1
1154,Devon Flores,South,Mobile,1,400,2024-01-30,2024-02-05,0.1
1155,Brenda Hall,East,Mobile,5,400,2024-02-04,2024-02-08,0.15
1156,Michelle Brown,North,Tablet,1,300,2024-02-26,2024-03-01,0.1
1157,Joshua Perry,North,Laptop,1,850,2024-01-15,2024-01-21,0.0
1158,Jason Stein,South,Tablet,1,300,2024-02-18,2024-02-25,0.05
1159,Melissa Gates,South,Tablet,4,300,2024-02-28,2024-03-02,0.05
1160,Jamie Smith,South,Tablet,4,300,2024-01-06,2024-01-10,0.1
1161,Paul Castaneda,North,Mobile,3,400,2024-02-12,2024-02-13,0.05
1162,Jennifer Adkins,East,Mobile,4,400,2024-01-19,2024-01-25,0.15
1163,Lindsey Walker,East,Mobile,1,400,2024-01-21,2024-01-24,0.1
1164,Jeffrey Johnson,South,Mobile,5,400,2024-02-22,2024-02-23,0.15
1165,Michael Powell,South,Laptop,2,850,2024-02-03,2024-02-06,0.15
1166,John Anderson,North,Laptop,2,850,2024-01-18,2024-01-23,0.05
1167,Alyssa Long,West,Mobile,4,400,2024-01-08,2024-01-09,0.05
1168,Alyssa Day,East,Mobile,5,400,2024-01-01,2024-01-06,0.15
1169,Joel Williams,South,Laptop,1,850,2024-01-30,2024-01-31,0.05
1170,Daniel Murphy,South,Tablet,3,300,2024-02-02,2024-02-08,0.1
1171,Jamie Walton,South,Mobile,4,400,2024-01-16,2024-01-20,0.05
1172,Darlene Miller,East,Laptop,5,850,2024-02-02,2024-02-08,0.05
1173,Joshua Cooke,East,Mobile,4,400,2024-01-22,2024-01-29,0.1
1174,Matthew Harrington,West,Mobile,3,400,2024-02-23,2024-02-28,0.15
1175,Nicole Herring,South,Mobile,5,400,2024-01-31,2024-02-03,0.1
1176,Alex Hernandez,South,Mobile,3,400,2024-02-25,2024-02-27,0.05
1177,Michael Elliott,South,Laptop,4,850,2024-01-03,2024-01-06,0.15
1178,Michael Wang,North,Mobile,2,400,2024-02-01,2024-02-02,0.05
1179,Lawrence Adkins,East,Laptop,4,850,2024-01-07,2024-01-12,0.15
1180,Robert Oconnell,East,Tablet,2,300,2024-01-27,2024-02-03,0.05
1181,Alexander Collins,East,Mobile,3,400,2024-01-22,2024-01-27,0.15
1182,Tina Sanders,East,Mobile,5,400,2024-01-25,2024-01-28,0.15
1183,Angela Vaughn,West,Tablet,1,300,2024-01-16,2024-01-22,0.1
1184,Ashley Barton,South,Tablet,1,300,2024-01-28,2024-01-29,0.0
1185,Lindsay Martinez,North,Laptop,3,850,2024-02-27,2024-02-28,0.0
1186,Dr. Hannah Patterson,West,Laptop,3,850,2024-01-23,2024-01-26,0.15
1187,Jonathan Peterson,West,Laptop,5,850,2024-01-27,2024-02-01,0.05
1188,Samantha Garcia,West,Laptop,1,850,2024-02-09,2024-02-16,0.15
1189,Madison Poole,North,Mobile,5,400,2024-01-10,2024-01-12,0.15
1190,Jessica Gross,North,Mobile,3,400,2024-02-12,2024-02-13,0.15
1191,Debra Morton,North,Tablet,5,300,2024-01-11,2024-01-12,0.15
1192,Karen Graham,South,Tablet,3,300,2024-02-10,2024-02-14,0.1
1193,Debra Christian,East,Mobile,2,400,2024-01-25,2024-02-01,0.15
1194,Angelica Keith,North,Laptop,4,850,2024-02-06,2024-02-09,0.1
1195,John Bishop,South,Laptop,4,850,2024-01-18,2024-01-19,0.0
1196,Allen Rosales,West,Mobile,2,400,2024-02-08,2024-02-15,0.1
1197,Daniel Salinas,East,Tablet,2,300,2024-02-09,2024-02-12,0.05
1198,Spencer Haynes,East,Tablet,1,300,2024-01-20,2024-01-27,0.15
1199,Adam Vaughan,North,Tablet,3,300,2024-02-16,2024-02-18,0.0
1200,Nathan Freeman,North,Mobile,4,400,2024-01-12,2024-01-14,0.05
1201,Melissa Brewer,North,Tablet,5,300,2024-02-28,2024-03-02,0.05
1202,Ricky Davis II,East,Mobile,3,400,2024-02-17,2024-02-24,0.1
1203,Elizabeth Perkins,South,Mobile,1,400,2024-01-10,2024-01-17,0.05
1204,Joseph Coleman,East,Tablet,3,300,2024-01-06,2024-01-13,0.15
1205,Erin Warner,North,Mobile,5,400,2024-01-08,2024-01-12,0.1
1206,David Martinez,East,Tablet,4,300,2024-02-22,2024-02-28,0.1
1207,Bryan Herrera,West,Tablet,2,300,2024-01-31,2024-02-01,0.1
1208,Cathy Robinson,North,Tablet,1,300,2024-02-10,2024-02-17,0.15
1209,Dr. William Warren,East,Tablet,4,300,2024-01-08,2024-01-10,0.0
1210,Brian Lee,West,Mobile,4,400,2024-01-08,2024-01-09,0.05
1211,Christopher Smith,West,Mobile,4,400,2024-01-24,2024-01-30,0.15
1212,Denise Mccann,North,Mobile,1,400,2024-02-23,2024-02-27,0.15
1213,Melissa Martinez,West,Laptop,3,850,2024-01-14,2024-01-18,0.15
1214,Katherine Salas,East,Mobile,1,400,2024-02-13,2024-02-16,0.1
1215,Julie Alexander,East,Mobile,3,400,2024-01-13,2024-01-14,0.15
1216,Anthony Everett,East,Tablet,2,300,2024-02-11,2024-02-17,0.0
1217,Rodney Morales,East,Mobile,2,400,2024-01-09,2024-01-16,0.05
1218,Mark Brown,North,Tablet,2,300,2024-02-07,2024-02-09,0.05
1219,Justin Torres,West,Laptop,5,850,2024-01-01,2024-01-04,0.05
1220,Bailey Duran DDS,East,Tablet,3,300,2024-02-21,2024-02-23,0.0
1221,Courtney Mills,North,Laptop,1,850,2024-01-23,2024-01-30,0.05
1222,Jeremy Dalton,South,Laptop,2,850,2024-01-17,2024-01-18,0.05
1223,Elizabeth Oliver DDS,South,Tablet,1,300,2024-02-17,2024-02-18,0.15
1224,Theresa Clark,West,Mobile,5,400,2024-02-07,2024-02-08,0.15
1225,Matthew Moore,South,Tablet,1,300,2024-02-16,2024-02-23,0.1
1226,Benjamin Smith,South,Tablet,1,300,2024-01-04,2024-01-08,0.15
1227,Kirk Carter,East,Tablet,1,300,2024-02-01,2024-02-07,0.15
1228,Michael Warner,West,Laptop,3,850,2024-02-08,2024-02-10,0.0
1229,Michael Bradshaw,South,Mobile,5,400,2024-02-10,2024-02-15,0.1
1230,Lori Guerrero,East,Tablet,5,300,2024-01-19,2024-01-23,0.15
1231,Jessica Stephens,South,Tablet,1,300,2024-02-24,2024-03-01,0.05
1232,Susan Serrano,South,Mobile,2,400,2024-01-27,2024-01-30,0.15
1233,Christopher Parker,North,Mobile,1,400,2024-01-21,2024-01-25,0.1
1234,Laura Roberts,East,Mobile,2,400,2024-02-13,2024-02-17,0.0
1235,Michael Lyons,West,Laptop,1,850,2024-01-28,2024-01-29,0.1
1236,Kathryn Snyder,East,Tablet,1,300,2024-02-07,2024-02-12,0.1
1237,Andrew Reynolds,East,Mobile,3,400,2024-02-25,2024-03-02,0.15
1238,David Davis,West,Mobile,5,400,2024-01-20,2024-01-23,0.0
1239,Sara Johnston,North,Laptop,4,850,2024-01-15,2024-01-22,0.0
1240,Yvonne Chambers,West,Tablet,3,300,2024-01-08,2024-01-15,0.1
1241,Andrew Avila,North,Mobile,5,400,2024-02-19,2024-02-26,0.0
1242,Matthew Moon,North,Laptop,2,850,2024-01-18,2024-01-24,0.1
1243,Kevin Walters,South,Mobile,1,400,2024-01-12,2024-01-19,0.05
1244,Brandon Bailey MD,East,Laptop,2,850,2024-02-17,2024-02-23,0.0
1245,Shannon Rivera,South,Tablet,5,300,2024-01-14,2024-01-18,0.15
1246,Donna Landry,East,Mobile,2,400,2024-01-24,2024-01-27,0.1
1247,Krista Gibson,East,Laptop,2,850,2024-01-11,2024-01-18,0.0
1248,Frank Cordova,South,Mobile,4,400,2024-02-12,2024-02-16,0.15
1249,Jose Travis,North,Mobile,3,400,2024-01-14,2024-01-21,0.0
1250,Kimberly Gutierrez,North,Mobile,1,400,2024-01-19,2024-01-25,0.15
1251,Isaiah Avila,East,Laptop,2,850,2024-01-26,2024-01-31,0.0
1252,Olivia Harris,North,Laptop,3,850,2024-03-01,2024-03-03,0.05
1253,Tanya Kim,South,Mobile,3,400,2024-01-08,2024-01-09,0.15
1254,Barbara Dudley,North,Laptop,2,850,2024-01-25,2024-01-30,0.05
1255,Cynthia Moore,South,Laptop,4,850,2024-02-25,2024-03-02,0.0
1256,Kristen Davis,South,Laptop,4,850,2024-02-28,2024-02-29,0.1
1257,Susan Murray MD,North,Tablet,4,300,2024-02-15,2024-02-21,0.15
1258,Kathleen Moran,South,Laptop,4,850,2024-01-02,2024-01-05,0.05
1259,Denise Davenport,West,Tablet,3,300,2024-01-06,2024-01-10,0.0
1260,Mrs. Kristen Reyes,South,Mobile,5,400,2024-01-26,2024-01-31,0.0
1261,Katie Suarez,East,Mobile,3,400,2024-01-15,2024-01-18,0.05
1262,Desiree Tyler,North,Tablet,1,300,2024-02-03,2024-02-08,0.05
1263,Timothy Romero,North,Mobile,2,400,2024-01-16,2024-01-17,0.05
1264,Diane Evans,West,Laptop,2,850,2024-02-08,2024-02-10,0.0
1265,Yvonne Burns,North,Tablet,4,300,2024-01-30,2024-02-06,0.15
1266,Joshua Reed,South,Tablet,3,300,2024-01-10,2024-01-14,0.0
1267,Kimberly Gibson,North,Mobile,3,400,2024-02-20,2024-02-23,0.0
1268,Colin Terry,East,Tablet,1,300,2024-01-20,2024-01-24,0.15
1269,Cynthia Rowe,East,Laptop,3,850,2024-02-23,2024-02-26,0.0
1270,Patrick Thornton,East,Tablet,5,300,2024-02-02,2024-02-06,0.15
1271,Jasmin Alvarado,South,Mobile,5,400,2024-02-11,2024-02-13,0.1
1272,Veronica Simpson,North,Tablet,2,300,2024-01-04,2024-01-08,0.0
1273,Jonathan Lawrence,East,Tablet,1,300,2024-02-02,2024-02-08,0.05
1274,Shelly Alexander,North,Laptop,4,850,2024-01-29,2024-02-03,0.05
1275,Joyce Bowen,East,Mobile,3,400,2024-01-25,2024-01-29,0.1
1276,Matthew Moore,South,Tablet,3,300,2024-01-05,2024-01-08,0.0
1277,Wayne Morgan,North,Mobile,3,400,2024-02-16,2024-02-23,0.05
1278,Marie Christian,North,Laptop,5,850,2024-02-12,2024-02-14,0.1
1279,Shannon James,North,Tablet,4,300,2024-01-09,2024-01-14,0.0
1280,Nathan Malone,West,Tablet,4,300,2024-02-11,2024-02-18,0.1
1281,Amanda Jones,North,Tablet,5,300,2024-01-06,2024-01-12,0.15
1282,Tammie Bright,North,Laptop,3,850,2024-01-20,2024-01-22,0.05
1283,Jessica Garcia,East,Mobile,2,400,2024-01-15,2024-01-17,0.05
1284,Shelia Wallace,North,Mobile,1,400,2024-02-02,2024-02-09,0.0
1285,Stephanie Williams,West,Tablet,2,300,2024-02-08,2024-02-12,0.05
1286,Elaine Brooks,East,Laptop,5,850,2024-02-21,2024-02-23,0.15
1287,Joseph Knight,South,Mobile,3,400,2024-02-13,2024-02-19,0.05
1288,Carolyn Miller,West,Tablet,3,300,2024-02-18,2024-02-24,0.15
1289,Lisa Allen,West,Tablet,2,300,2024-01-20,2024-01-27,0.15
1290,Briana Murray,South,Mobile,5,400,2024-01-29,2024-02-02,0.1
1291,David Smith,West,Tablet,5,300,2024-01-27,2024-01-29,0.05
1292,Stephanie Byrd,East,Mobile,1,400,2024-02-11,2024-02-15,0.1
1293,Jeremy Reed,East,Tablet,5,300,2024-02-24,2024-02-25,0.1
1294,Margaret Coleman,South,Laptop,3,850,2024-01-29,2024-02-03,0.05
1295,Ryan Gonzalez,East,Laptop,2,850,2024-02-22,2024-02-26,0.1
1296,John Young,West,Mobile,1,400,2024-01-26,2024-01-31,0.1
1297,Laura Haney,North,Mobile,1,400,2024-01-24,2024-01-26,0.0
1298,William Barrett,East,Laptop,3,850,2024-02-20,2024-02-22,0.05
1299,Keith Jennings,South,Mobile,4,400,2024-02-14,2024-02-21,0.05
1300,Amber Obrien,North,Mobile,5,400,2024-01-01,2024-01-02,0.0
1301,Tanner Mitchell DDS,East,Laptop,2,850,2024-02-05,2024-02-11,0.15
1302,Heather Fields,West,Mobile,2,400,2024-01-20,2024-01-21,0.0
1303,Megan Le,South,Mobile,5,400,2024-01-30,2024-01-31,0.0
1304,Sara Fuller,West,Tablet,5,300,2024-01-02,2024-01-08,0.05
1305,Maria Parker,West,Mobile,4,400,2024-01-01,2024-01-06,0.1
1306,Kevin Oconnor,North,Tablet,4,300,2024-01-12,2024-01-18,0.0
1307,Edward Burgess,South,Laptop,5,850,2024-02-04,2024-02-09,0.0
1308,Carlos Ryan,North,Mobile,1,400,2024-02-10,2024-02-14,0.1
1309,Kiara Mcintyre,North,Tablet,1,300,2024-01-23,2024-01-30,0.0
1310,Dawn Summers,West,Laptop,1,850,2024-02-19,2024-02-24,0.1
1311,Dr. Paul Morgan,South,Laptop,3,850,2024-02-04,2024-02-07,0.05
1312,Victor Taylor,East,Tablet,4,300,2024-02-10,2024-02-12,0.05
1313,Shannon Ramsey,East,Tablet,4,300,2024-01-03,2024-01-06,0.05
1314,Tracy Ballard,South,Laptop,1,850,2024-01-21,2024-01-24,0.15
1315,Richard Smith,North,Mobile,1,400,2024-02-18,2024-02-24,0.05
1316,Jordan Chambers,North,Mobile,1,400,2024-02-25,2024-03-02,0.1
1317,Lauren Carson,South,Laptop,3,850,2024-01-28,2024-02-01,0.15
1318,Ashley Hall,North,Mobile,2,400,2024-02-01,2024-02-07,0.15
1319,Stephen Hoffman,East,Tablet,3,300,2024-02-21,2024-02-22,0.15
1320,Connie Brown,North,Mobile,5,400,2024-02-22,2024-02-24,0.1
1321,Susan Turner,North,Laptop,1,850,2024-01-21,2024-01-27,0.1
1322,Charles Shah,South,Mobile,5,400,2024-02-15,2024-02-19,0.05
1323,Johnathan Davis,South,Mobile,4,400,2024-01-03,2024-01-09,0.1
1324,Brandy Chavez,North,Mobile,1,400,2024-01-05,2024-01-11,0.15
1325,Natalie Bautista,South,Tablet,2,300,2024-03-01,2024-03-02,0.05
1326,Patrick Moore,North,Laptop,2,850,2024-01-05,2024-01-07,0.1
1327,Brett Burns,South,Mobile,5,400,2024-01-03,2024-01-08,0.05
1328,Trevor Johnson,West,Mobile,3,400,2024-01-29,2024-02-05,0.0
1329,Jeremy Sampson,West,Tablet,3,300,2024-01-26,2024-01-29,0.1
1330,Ariana Jennings,South,Laptop,1,850,2024-02-17,2024-02-19,0.15
1331,Vanessa Howard,South,Tablet,1,300,2024-01-17,2024-01-24,0.1
1332,Colton Martinez,West,Laptop,5,850,2024-01-19,2024-01-25,0.15
1333,Jordan Bates,West,Laptop,2,850,2024-02-24,2024-02-25,0.15
1334,Linda Smith,North,Tablet,4,300,2024-01-06,2024-01-13,0.1
1335,Dana Martinez,North,Tablet,1,300,2024-02-05,2024-02-10,0.1
1336,Andrea Hubbard,East,Laptop,2,850,2024-02-20,2024-02-23,0.05
1337,Daniel Kane,East,Laptop,2,850,2024-01-16,2024-01-23,0.15
1338,Charles Lester,West,Mobile,5,400,2024-02-06,2024-02-09,0.15
1339,Scott Thomas,South,Tablet,1,300,2024-01-05,2024-01-08,0.15
1340,David Thompson,West,Tablet,4,300,2024-02-19,2024-02-23,0.0
1341,Allison Smith,West,Mobile,1,400,2024-01-29,2024-02-02,0.1
1342,Cynthia Morris,South,Tablet,5,300,2024-01-12,2024-01-19,0.05
1343,Anthony Harmon,North,Tablet,1,300,2024-02-23,2024-02-24,0.05
1344,Nichole Alvarez,North,Laptop,2,850,2024-01-21,2024-01-27,0.05
1345,Kayla Rodriguez,West,Tablet,3,300,2024-02-24,2024-02-25,0.1
1346,Theresa Williams,East,Tablet,5,300,2024-01-18,2024-01-20,0.1
1347,Sharon Boyd,West,Tablet,2,300,2024-02-07,2024-02-12,0.05
1348,Victor Brown,East,Tablet,5,300,2024-02-16,2024-02-21,0.1
1349,James Parks,West,Laptop,1,850,2024-01-03,2024-01-09,0.1
1350,Theodore Jones Jr.,South,Tablet,4,300,2024-02-09,2024-02-15,0.0
1351,Ana Hill,South,Tablet,5,300,2024-01-19,2024-01-25,0.1
1352,Kimberly Nguyen,East,Laptop,4,850,2024-01-20,2024-01-24,0.0
1353,Kerry Chavez DDS,West,Laptop,4,850,2024-01-27,2024-01-31,0.15
1354,Michael Farrell,North,Mobile,5,400,2024-01-10,2024-01-13,0.1
1355,Patricia Le,North,Mobile,2,400,2024-02-18,2024-02-21,0.0
1356,Jesse Perez,West,Laptop,4,850,2024-01-08,2024-01-11,0.15
1357,Jesse Perry,South,Laptop,1,850,2024-01-04,2024-01-07,0.15
1358,Jeffery Ortega,West,Laptop,2,850,2024-02-22,2024-02-25,0.1
1359,Christian Leblanc,North,Laptop,4,850,2024-02-02,2024-02-06,0.15
1360,Ronald Davis,West,Mobile,1,400,2024-01-06,2024-01-10,0.15
1361,Parker Cain,North,Laptop,5,850,2024-01-23,2024-01-24,0.0
1362,Laurie Hoffman,North,Mobile,5,400,2024-02-26,2024-03-04,0.15
1363,Bryan Gomez,West,Tablet,1,300,2024-02-24,2024-02-25,0.15
1364,Nicole Parrish,East,Mobile,3,400,2024-02-18,2024-02-22,0.1
1365,Tracy Burke,North,Mobile,1,400,2024-02-06,2024-02-11,0.05
1366,Kenneth Lewis,North,Tablet,3,300,2024-01-05,2024-01-09,0.15
1367,Courtney Rodriguez,South,Tablet,5,300,2024-01-08,2024-01-10,0.0
1368,Holly Farmer,West,Mobile,3,400,2024-02-05,2024-02-08,0.05
1369,Renee Bruce,East,Tablet,5,300,2024-01-26,2024-01-31,0.0
1370,Sabrina Austin,South,Laptop,2,850,2024-02-15,2024-02-18,0.15
1371,Allison Hickman,North,Laptop,5,850,2024-02-27,2024-03-03,0.05
1372,Debra White,North,Tablet,3,300,2024-01-11,2024-01-15,0.1
1373,Ellen Morgan,South,Tablet,5,300,2024-02-04,2024-02-08,0.1
1374,Sergio Knight,South,Laptop,3,850,2024-01-22,2024-01-28,0.0
1375,Charles Schultz,South,Tablet,3,300,2024-02-20,2024-02-26,0.0
1376,Paul Lewis,South,Mobile,5,400,2024-02-06,2024-02-08,0.0
1377,Glen Wood,West,Laptop,5,850,2024-02-10,2024-02-16,0.15
1378,Paula Bradley,West,Tablet,2,300,2024-01-03,2024-01-08,0.0
1379,Anthony Moore,South,Laptop,4,850,2024-01-21,2024-01-25,0.05
1380,Megan Nelson,East,Tablet,2,300,2024-01-27,2024-02-01,0.15
1381,Karla Ramos,South,Tablet,2,300,2024-02-03,2024-02-05,0.1
1382,Paul Wilson,North,Tablet,4,300,2024-01-21,2024-01-23,0.15
1383,Douglas Gregory,South,Tablet,3,300,2024-02-13,2024-02-20,0.1
1384,Mr. Andrew Foster,West,Laptop,2,850,2024-01-18,2024-01-23,0.1
1385,Aimee Turner,North,Mobile,3,400,2024-02-15,2024-02-17,0.15
1386,Chad Scott,North,Mobile,3,400,2024-02-05,2024-02-12,0.1
1387,Adam Burgess,South,Laptop,5,850,2024-02-13,2024-02-18,0.15
1388,James Padilla,East,Mobile,2,400,2024-01-19,2024-01-20,0.1
1389,Sandra Drake,West,Mobile,4,400,2024-02-11,2024-02-14,0.15
1390,Scott Williams,West,Laptop,5,850,2024-01-18,2024-01-23,0.1
1391,Thomas Atkins,West,Laptop,5,850,2024-02-17,2024-02-22,0.05
1392,Laura Mckinney,East,Laptop,5,850,2024-01-15,2024-01-21,0.05
1393,Brian Smith,East,Laptop,4,850,2024-01-22,2024-01-28,0.15
1394,Robert Montgomery,South,Tablet,2,300,2024-01-01,2024-01-06,0.05
1395,Tamara Davis,North,Tablet,4,300,2024-01-31,2024-02-06,0.05
1396,Dana Chapman,West,Mobile,3,400,2024-02-11,2024-02-12,0.0
1397,Jennifer Collins,West,Tablet,1,300,2024-02-28,2024-03-01,0.15
1398,Gary Jackson,North,Laptop,4,850,2024-02-20,2024-02-24,0.05
1399,Ashley Hicks,North,Laptop,1,850,2024-01-20,2024-01-25,0.0
1400,Hannah Luna,West,Mobile,4,400,2024-02-11,2024-02-16,0.15
1401,Robin Young,North,Tablet,4,300,2024-01-18,2024-01-20,0.0
1402,Craig Morrison,East,Laptop,4,850,2024-02-11,2024-02-14,0.05
1403,Mary Thompson,West,Tablet,3,300,2024-02-20,2024-02-23,0.05
1404,Kathleen Webster,East,Tablet,4,300,2024-02-22,2024-02-26,0.1
1405,Joann Glass,North,Mobile,1,400,2024-01-12,2024-01-14,0.15
1406,Madison Weber,South,Laptop,1,850,2024-01-17,2024-01-21,0.05
1407,Lori Hernandez,North,Mobile,3,400,2024-01-20,2024-01-25,0.0
1408,Jeremy Turner,East,Tablet,3,300,2024-02-14,2024-02-16,0.0
1409,Anthony Romero,East,Mobile,3,400,2024-01-11,2024-01-15,0.1
1410,Jesse Brown,West,Tablet,3,300,2024-01-24,2024-01-29,0.05
1411,Angela Lin,South,Laptop,4,850,2024-01-10,2024-01-14,0.1
1412,Lisa Hunter,West,Tablet,5,300,2024-02-28,2024-03-03,0.05
1413,Julian Conner,South,Tablet,5,300,2024-02-25,2024-03-03,0.0
1414,Joanna Pacheco,East,Tablet,3,300,2024-01-05,2024-01-10,0.0
1415,Erica Alvarez,West,Tablet,5,300,2024-01-13,2024-01-18,0.05
1416,Antonio Garcia,South,Mobile,5,400,2024-01-29,2024-01-30,0.05
1417,Gwendolyn Klein,South,Laptop,5,850,2024-01-29,2024-02-05,0.0
1418,Carrie Wright,South,Laptop,5,850,2024-01-27,2024-01-31,0.0
1419,Jeffrey Mills,North,Tablet,3,300,2024-02-16,2024-02-17,0.15
1420,Jake Campbell,South,Laptop,2,850,2024-02-07,2024-02-08,0.0
1421,George Harper,South,Mobile,1,400,2024-02-04,2024-02-05,0.0
1422,Maria Jones,South,Laptop,3,850,2024-01-27,2024-01-29,0.05
1423,Michael Mitchell,South,Mobile,4,400,2024-01-29,2024-02-05,0.15
1424,Mary Escobar,East,Laptop,5,850,2024-01-09,2024-01-15,0.1
1425,Felicia Aguilar,West,Laptop,5,850,2024-01-26,2024-01-31,0.05
1426,Gregory Ponce,South,Laptop,1,850,2024-01-20,2024-01-24,0.15
1427,Jenna Larson,North,Laptop,2,850,2024-01-30,2024-02-02,0.05
1428,Emily Bennett,East,Laptop,1,850,2024-01-03,2024-01-10,0.15
1429,Robin Santiago,South,Laptop,2,850,2024-01-05,2024-01-06,0.0
1430,Nancy Jennings,South,Tablet,1,300,2024-01-16,2024-01-22,0.0
1431,Maria Henderson,West,Mobile,2,400,2024-02-04,2024-02-06,0.0
1432,Jack White,North,Tablet,3,300,2024-01-15,2024-01-22,0.1
1433,Travis Tucker,South,Laptop,3,850,2024-02-26,2024-02-28,0.05
1434,Chad Jones,South,Mobile,3,400,2024-01-04,2024-01-09,0.05
1435,Ashley Wise,North,Tablet,4,300,2024-01-04,2024-01-07,0.15
1436,Sophia Johnson,South,Tablet,4,300,2024-01-27,2024-01-29,0.1
1437,Ralph Anderson,North,Laptop,5,850,2024-01-31,2024-02-02,0.05
1438,Christopher Guerra,South,Tablet,2,300,2024-02-21,2024-02-25,0.0
1439,Rhonda Martin,West,Mobile,5,400,2024-02-03,2024-02-05,0.15
1440,Jason Rhodes,South,Mobile,2,400,2024-01-22,2024-01-28,0.0
1441,Jeremy Mitchell,East,Mobile,1,400,2024-02-04,2024-02-10,0.05
1442,Joann Ferguson,East,Mobile,4,400,2024-02-13,2024-02-18,0.0
1443,Robert Harrison,South,Laptop,5,850,2024-02-16,2024-02-22,0.05
1444,Holly Valentine,West,Laptop,3,850,2024-01-20,2024-01-21,0.05
1445,Mrs. Diane Reyes,West,Tablet,1,300,2024-02-17,2024-02-24,0.15
1446,Tracy Montoya,West,Tablet,5,300,2024-02-15,2024-02-17,0.15
1447,Brenda Wright,South,Tablet,3,300,2024-02-19,2024-02-22,0.15
1448,Shelly Spencer,South,Tablet,3,300,2024-01-20,2024-01-23,0.1
1449,Ryan Rosales,North,Mobile,1,400,2024-02-21,2024-02-27,0.15
1450,Phillip Nelson,West,Laptop,3,850,2024-01-21,2024-01-25,0.0
1451,Brittany Kim,North,Tablet,2,300,2024-01-02,2024-01-05,0.15
1452,Courtney Hayes,West,Laptop,2,850,2024-01-22,2024-01-24,0.15
1453,Alexander Brown,North,Mobile,5,400,2024-02-11,2024-02-17,0.1
1454,Cynthia Vang,West,Mobile,4,400,2024-01-30,2024-02-01,0.1
1455,Alfred Galvan,East,Laptop,5,850,2024-02-01,2024-02-03,0.0
1456,Marie Moody,West,Laptop,1,850,2024-02-18,2024-02-19,0.15
1457,Dustin Gallegos,East,Tablet,2,300,2024-01-05,2024-01-11,0.05
1458,Brenda Thornton,South,Laptop,5,850,2024-01-30,2024-02-02,0.0
1459,Aaron Miller,East,Tablet,4,300,2024-01-02,2024-01-03,0.15
1460,Ruben Dunn,East,Laptop,5,850,2024-02-16,2024-02-19,0.1
1461,Kelsey Rodriguez,East,Tablet,4,300,2024-02-21,2024-02-23,0.0
1462,Eric Williams,North,Tablet,2,300,2024-01-16,2024-01-18,0.1
1463,Riley Bryant,South,Mobile,4,400,2024-01-06,2024-01-09,0.15
1464,Taylor Carlson,East,Tablet,2,300,2024-02-14,2024-02-16,0.1
1465,Jose Allen,South,Tablet,1,300,2024-01-06,2024-01-10,0.15
1466,Jeffrey Mendez,West,Tablet,4,300,2024-01-04,2024-01-10,0.0
1467,Jason Beck,East,Laptop,4,850,2024-02-24,2024-02-28,0.1
1468,William Jones,North,Tablet,1,300,2024-01-15,2024-01-17,0.15
1469,Katie Mcneil,West,Laptop,1,850,2024-02-13,2024-02-16,0.0
1470,Jeanette Harrison,South,Mobile,1,400,2024-01-14,2024-01-19,0.05
1471,Veronica King,South,Laptop,3,850,2024-01-11,2024-01-16,0.05
1472,Richard Cooper,East,Tablet,5,300,2024-01-22,2024-01-26,0.05
1473,Lori Ingram,West,Tablet,3,300,2024-01-04,2024-01-05,0.15
1474,Evelyn Williams,North,Laptop,3,850,2024-02-08,2024-02-15,0.15
1475,Robin Thompson,West,Laptop,3,850,2024-02-20,2024-02-24,0.15
1476,Julie Dominguez,West,Mobile,5,400,2024-03-01,2024-03-05,0.15
1477,Robin Brown,North,Tablet,5,300,2024-02-12,2024-02-16,0.0
1478,Judith Carter,South,Laptop,1,850,2024-01-06,2024-01-09,0.05
1479,Curtis Williams,North,Tablet,2,300,2024-02-17,2024-02-21,0.1
1480,Kaylee Hays,North,Laptop,1,850,2024-01-01,2024-01-04,0.15
1481,Dawn Mullins,South,Mobile,1,400,2024-01-09,2024-01-10,0.05
1482,Howard Norman,East,Mobile,5,400,2024-02-05,2024-02-10,0.15
1483,Evelyn Martinez,North,Laptop,1,850,2024-01-23,2024-01-28,0.0
1484,Steve Paul,East,Mobile,1,400,2024-01-19,2024-01-23,0.15
1485,Jasmine Beltran,South,Tablet,5,300,2024-02-27,2024-02-29,0.05
1486,Jonathan Glass MD,South,Laptop,2,850,2024-01-18,2024-01-21,0.1
1487,Monica Miller,South,Laptop,1,850,2024-01-11,2024-01-15,0.1
1488,Samantha Gardner,North,Mobile,4,400,2024-02-20,2024-02-21,0.1
1489,Bobby Guerrero,South,Laptop,4,850,2024-02-08,2024-02-13,0.05
1490,Lance Simmons,North,Laptop,2,850,2024-01-20,2024-01-21,0.15
1491,Heather Williams,South,Tablet,4,300,2024-02-21,2024-02-28,0.1
1492,Heather Bolton,North,Mobile,4,400,2024-02-22,2024-02-29,0.05
1493,William Gould,South,Mobile,5,400,2024-03-01,2024-03-07,0.05
1494,Mark Cox,South,Mobile,2,400,2024-01-26,2024-01-29,0.1
1495,Meghan Cisneros,South,Tablet,2,300,2024-01-21,2024-01-25,0.1
1496,Lawrence Harrington,West,Mobile,1,400,2024-02-29,2024-03-05,0.05
1497,Austin Osborne,West,Tablet,5,300,2024-01-02,2024-01-08,0.15
1498,James Bradley,South,Mobile,3,400,2024-02-23,2024-02-29,0.0
1499,Meghan Rush,West,Tablet,4,300,2024-01-09,2024-01-15,0.1
1500,Phillip Berry,East,Mobile,2,400,2024-02-15,2024-02-19,0.15
1501,Jennifer Banks,South,Mobile,5,400,2024-01-31,2024-02-05,0.15
1502,Brian Fitzgerald,East,Tablet,1,300,2024-02-20,2024-02-23,0.0
1503,Mr. Justin Green III,South,Laptop,3,850,2024-01-11,2024-01-17,0.0
1504,Zachary Mitchell,North,Mobile,4,400,2024-01-07,2024-01-08,0.0
1505,Katherine Martinez,South,Laptop,5,850,2024-02-17,2024-02-22,0.05
1506,Jodi Roach,North,Mobile,4,400,2024-01-30,2024-02-06,0.05
1507,Brandon Fleming,East,Laptop,4,850,2024-01-07,2024-01-10,0.15
1508,Emma Reed,South,Laptop,2,850,2024-01-23,2024-01-26,0.1
1509,Joshua Vance,East,Laptop,5,850,2024-01-31,2024-02-03,0.15
1510,Michelle Ho,East,Mobile,4,400,2024-01-21,2024-01-22,0.1
1511,Rebecca Hicks,East,Tablet,1,300,2024-01-02,2024-01-09,0.1
1512,Curtis Taylor,West,Tablet,2,300,2024-02-29,2024-03-06,0.05
1513,Allison Spencer,South,Tablet,2,300,2024-01-22,2024-01-27,0.15
1514,Robert Arnold,South,Laptop,4,850,2024-02-10,2024-02-12,0.05
1515,Angelica Parker,South,Mobile,1,400,2024-02-17,2024-02-22,0.05
1516,Dr. Kelly Hammond DVM,West,Tablet,4,300,2024-01-25,2024-01-26,0.05
1517,William Day,North,Mobile,1,400,2024-02-06,2024-02-07,0.05
1518,Michael Cooper,South,Mobile,2,400,2024-01-30,2024-01-31,0.1
1519,Penny Bowman,East,Tablet,3,300,2024-02-08,2024-02-12,0.15
1520,Vincent Reynolds,North,Mobile,3,400,2024-02-24,2024-02-28,0.05
1521,Amy Martinez,North,Tablet,5,300,2024-01-06,2024-01-12,0.05
1522,Christopher Morris,North,Laptop,2,850,2024-01-20,2024-01-21,0.05
1523,Hannah Everett,West,Tablet,2,300,2024-02-02,2024-02-06,0.15
1524,Sarah King,West,Tablet,4,300,2024-01-28,2024-01-30,0.15
1525,Krista Martinez,West,Tablet,2,300,2024-02-01,2024-02-04,0.05
1526,Joseph Shaw,East,Mobile,4,400,2024-02-09,2024-02-10,0.1
1527,Todd Moore,South,Mobile,2,400,2024-01-13,2024-01-20,0.15
1528,Michelle Jacobs,South,Mobile,4,400,2024-01-27,2024-02-02,0.15
1529,Kristy Bryan,North,Laptop,1,850,2024-02-06,2024-02-07,0.05
1530,Angel May,West,Laptop,3,850,2024-01-15,2024-01-20,0.1
1531,Marilyn Wang,East,Mobile,5,400,2024-02-17,2024-02-24,0.15
1532,Mark Jimenez,East,Tablet,1,300,2024-01-18,2024-01-25,0.1
1533,Donna Frye,East,Tablet,4,300,2024-02-04,2024-02-06,0.15
1534,Dr. Michael Evans,South,Tablet,2,300,2024-01-20,2024-01-27,0.0
1535,Anthony Gonzales,South,Mobile,3,400,2024-02-25,2024-03-03,0.0
1536,Mr. Lawrence Edwards,South,Laptop,2,850,2024-01-14,2024-01-21,0.1
1537,Morgan Valencia,West,Laptop,5,850,2024-01-09,2024-01-16,0.05
1538,Bianca Wood,West,Laptop,5,850,2024-01-23,2024-01-28,0.1
1539,Emma Owens,East,Mobile,3,400,2024-01-19,2024-01-24,0.1
1540,David Davis,West,Laptop,4,850,2024-02-28,2024-02-29,0.1
1541,James Gilbert,West,Tablet,2,300,2024-01-16,2024-01-18,0.1
1542,Sean Moore,South,Tablet,4,300,2024-02-01,2024-02-03,0.1
1543,Kenneth Edwards,South,Mobile,4,400,2024-01-05,2024-01-11,0.0
1544,Kathleen Robertson,South,Tablet,3,300,2024-02-14,2024-02-17,0.15
1545,Mr. Alexander Landry MD,South,Mobile,5,400,2024-01-01,2024-01-08,0.0
1546,Cindy Gomez,West,Tablet,3,300,2024-02-24,2024-02-25,0.15
1547,Johnny Khan,North,Mobile,2,400,2024-02-01,2024-02-04,0.1
1548,Julie Herrera,North,Mobile,5,400,2024-02-06,2024-02-08,0.15
1549,Jessica Khan,East,Tablet,1,300,2024-01-03,2024-01-04,0.15
1550,Pamela Diaz,South,Laptop,2,850,2024-01-29,2024-02-02,0.0
1551,Kelly Lee,West,Laptop,2,850,2024-02-26,2024-03-03,0.1
1552,Angel Gordon,East,Mobile,1,400,2024-02-11,2024-02-14,0.1
1553,Diana Hays,West,Mobile,2,400,2024-01-04,2024-01-08,0.1
1554,Barbara Hester,West,Mobile,1,400,2024-02-15,2024-02-16,0.0
1555,Robert Morgan,South,Mobile,1,400,2024-01-09,2024-01-14,0.05
1556,Nicole Gonzalez,South,Laptop,1,850,2024-02-14,2024-02-17,0.0
1557,Kathryn Williams,South,Tablet,2,300,2024-01-31,2024-02-01,0.05
1558,Gary Wells,North,Laptop,1,850,2024-01-07,2024-01-10,0.1
1559,Larry Robertson,West,Laptop,4,850,2024-02-19,2024-02-26,0.05
1560,Louis Martin,South,Laptop,5,850,2024-02-06,2024-02-07,0.05
1561,Nancy Evans MD,South,Mobile,2,400,2024-02-10,2024-02-16,0.05
1562,Kim Erickson,East,Tablet,4,300,2024-02-25,2024-02-27,0.0
1563,Robert Richardson,North,Laptop,1,850,2024-02-07,2024-02-13,0.15
1564,Veronica Silva,North,Mobile,3,400,2024-02-20,2024-02-22,0.05
1565,Molly Watts,East,Tablet,1,300,2024-01-16,2024-01-21,0.1
1566,John Coffey,South,Tablet,3,300,2024-01-14,2024-01-19,0.05
1567,Paula Lane,South,Mobile,1,400,2024-02-20,2024-02-27,0.05
1568,Lauren Jackson,East,Mobile,1,400,2024-01-16,2024-01-20,0.0
1569,Lisa Randall,North,Mobile,3,400,2024-01-09,2024-01-13,0.15
1570,Michael Johnson,East,Tablet,2,300,2024-02-18,2024-02-22,0.0
1571,Ashley Smith,East,Tablet,1,300,2024-01-01,2024-01-04,0.05
1572,Christian Vaughn,South,Laptop,4,850,2024-02-02,2024-02-05,0.15
1573,Reginald Knapp,North,Tablet,4,300,2024-01-06,2024-01-12,0.05
1574,Nancy Brown,West,Laptop,3,850,2024-01-06,2024-01-11,0.05
1575,Daniel Nguyen,North,Tablet,3,300,2024-01-26,2024-01-31,0.0
1576,Kelly Edwards,East,Tablet,4,300,2024-02-16,2024-02-23,0.05
1577,Thomas Peterson,South,Laptop,1,850,2024-02-29,2024-03-04,0.0
1578,Raymond Le,East,Tablet,5,300,2024-01-04,2024-01-07,0.05
1579,Melissa Bishop,South,Laptop,2,850,2024-02-14,2024-02-15,0.05
1580,David Grant,West,Mobile,5,400,2024-02-03,2024-02-10,0.1
1581,William Evans,East,Mobile,2,400,2024-02-17,2024-02-24,0.1
1582,Daniel Bush,East,Laptop,3,850,2024-02-21,2024-02-25,0.1
1583,Gregory Peck,South,Mobile,5,400,2024-02-10,2024-02-11,0.15
1584,Denise Martinez,North,Tablet,3,300,2024-01-04,2024-01-08,0.05
1585,Jamie Baird,West,Laptop,3,850,2024-02-19,2024-02-20,0.0
1586,Tina Ballard,West,Tablet,5,300,2024-01-01,2024-01-02,0.0
1587,Dwayne Klein,West,Laptop,4,850,2024-01-24,2024-01-28,0.05
1588,Jeremy Scott,West,Laptop,5,850,2024-02-21,2024-02-27,0.15
1589,Dale Ryan,North,Mobile,2,400,2024-01-27,2024-02-02,0.1
1590,Melissa Taylor,West,Laptop,5,850,2024-01-24,2024-01-25,0.0
1591,Laurie Sanchez,South,Laptop,5,850,2024-01-03,2024-01-07,0.0
1592,Kiara Little,East,Mobile,3,400,2024-01-21,2024-01-22,0.15
1593,Jason Love,West,Mobile,2,400,2024-01-19,2024-01-24,0.1
1594,Randy Smith,West,Mobile,3,400,2024-02-07,2024-02-11,0.05
1595,Tanya Russell,West,Laptop,1,850,2024-02-29,2024-03-04,0.0
1596,Sherry Woods,North,Tablet,3,300,2024-02-10,2024-02-17,0.0
1597,Victor Morris,East,Laptop,4,850,2024-02-24,2024-03-01,0.1
1598,Susan Davis,East,Laptop,5,850,2024-01-16,2024-01-20,0.15
1599,Kimberly Sharp,South,Laptop,3,850,2024-01-06,2024-01-07,0.05
1600,Susan Thompson,East,Tablet,3,300,2024-01-30,2024-02-05,0.0
1601,Casey Gillespie,East,Tablet,2,300,2024-02-10,2024-02-17,0.15
1602,Jennifer Simpson DVM,West,Tablet,5,300,2024-01-04,2024-01-08,0.05
1603,Tammy Mcdowell,North,Mobile,3,400,2024-02-24,2024-02-27,0.15
1604,Keith Rodriguez,West,Mobile,4,400,2024-01-18,2024-01-20,0.0
1605,Mrs. Virginia Daniels,West,Laptop,5,850,2024-01-07,2024-01-09,0.0
1606,Todd Rosales MD,North,Mobile,4,400,2024-01-21,2024-01-25,0.0
1607,Brian Martin,East,Laptop,4,850,2024-01-20,2024-01-24,0.1
1608,David Lopez,East,Laptop,2,850,2024-02-21,2024-02-27,0.1
1609,Rachel Bradley,North,Laptop,3,850,2024-01-10,2024-01-11,0.05
1610,Casey Chase,North,Mobile,5,400,2024-01-04,2024-01-10,0.1
1611,Samantha Robertson,West,Laptop,1,850,2024-03-01,2024-03-05,0.15
1612,Michael Lopez,East,Laptop,4,850,2024-01-07,2024-01-14,0.05
1613,Franklin Wright,West,Laptop,1,850,2024-02-23,2024-03-01,0.05
1614,David Molina,North,Laptop,4,850,2024-01-24,2024-01-30,0.0
1615,Elizabeth Sharp,West,Laptop,1,850,2024-01-05,2024-01-07,0.15
1616,Matthew Schwartz,East,Laptop,3,850,2024-01-08,2024-01-09,0.15
1617,Bryan Parker,South,Laptop,5,850,2024-01-28,2024-02-04,0.15
1618,Jonathan Jacobson,North,Laptop,4,850,2024-02-13,2024-02-17,0.05
1619,Emily Wilson,West,Laptop,2,850,2024-01-18,2024-01-21,0.15
1620,Elizabeth Mendez,North,Laptop,5,850,2024-02-09,2024-02-14,0.05
1621,Casey Hernandez,East,Mobile,4,400,2024-02-26,2024-03-02,0.15
1622,Lisa Perry,West,Laptop,3,850,2024-01-25,2024-01-27,0.15
1623,Kaitlin Medina,South,Tablet,5,300,2024-01-16,2024-01-22,0.0
1624,Colleen Wright,North,Tablet,3,300,2024-01-31,2024-02-05,0.15
1625,Shelley Miller,West,Tablet,5,300,2024-01-21,2024-01-25,0.1
1626,Michael Miller,North,Laptop,3,850,2024-02-08,2024-02-10,0.0
1627,Amy Kelley,West,Laptop,4,850,2024-02-03,2024-02-06,0.05
1628,Laura Hernandez,East,Laptop,2,850,2024-02-12,2024-02-14,0.1
1629,Joseph Wilson,North,Laptop,5,850,2024-02-24,2024-03-02,0.15
1630,Kevin Davis,North,Laptop,2,850,2024-01-16,2024-01-21,0.1
1631,Rhonda Chavez,West,Tablet,1,300,2024-02-15,2024-02-21,0.1
1632,Joyce Brown,North,Tablet,2,300,2024-02-23,2024-03-01,0.15
1633,Robert Cummings,West,Laptop,4,850,2024-01-03,2024-01-04,0.0
1634,Robert Reese,East,Tablet,2,300,2024-01-02,2024-01-07,0.15
1635,Amber Cooper,North,Mobile,5,400,2024-01-13,2024-01-20,0.05
1636,Zachary Michael,East,Tablet,2,300,2024-02-28,2024-03-06,0.1
1637,Timothy Johnson,East,Laptop,2,850,2024-02-07,2024-02-13,0.05
1638,Randy Cannon,East,Tablet,3,300,2024-01-05,2024-01-08,0.15
1639,Maria Fisher,South,Mobile,3,400,2024-01-21,2024-01-23,0.05
1640,Janet Kane DVM,North,Tablet,4,300,2024-02-11,2024-02-14,0.05
1641,Michael Stanley,North,Laptop,5,850,2024-02-22,2024-02-24,0.15
1642,Martha Bailey,South,Tablet,3,300,2024-01-09,2024-01-11,0.0
1643,Joshua Rice,West,Tablet,1,300,2024-01-12,2024-01-17,0.1
1644,Courtney Smith,North,Tablet,5,300,2024-01-07,2024-01-11,0.05
1645,Edwin Nunez,West,Tablet,1,300,2024-01-16,2024-01-19,0.1
1646,Kim Morrow,South,Tablet,1,300,2024-02-22,2024-02-28,0.1
1647,Gregory Hill,North,Laptop,3,850,2024-01-14,2024-01-16,0.0
1648,Molly Rodriguez,South,Mobile,1,400,2024-02-16,2024-02-17,0.0
1649,Jennifer Miranda,South,Mobile,4,400,2024-01-11,2024-01-15,0.15
1650,Alexis Harris,West,Mobile,5,400,2024-01-25,2024-01-26,0.15
1651,Andrew Harper,North,Laptop,4,850,2024-01-05,2024-01-12,0.0
1652,Amber Yang,North,Laptop,3,850,2024-01-17,2024-01-18,0.0
1653,David Robinson,East,Laptop,4,850,2024-01-11,2024-01-17,0.0
1654,Amy Gordon,South,Mobile,5,400,2024-02-09,2024-02-13,0.0
1655,Robert Dennis,East,Tablet,2,300,2024-02-08,2024-02-12,0.05
1656,Kyle Chambers,North,Laptop,3,850,2024-01-14,2024-01-16,0.15
1657,Eric Thomas,East,Tablet,3,300,2024-01-20,2024-01-22,0.0
1658,Connie Turner,West,Mobile,5,400,2024-02-05,2024-02-12,0.15
1659,Travis Hobbs,North,Laptop,3,850,2024-01-01,2024-01-05,0.0
1660,Lori Simmons,East,Tablet,5,300,2024-01-31,2024-02-02,0.0
1661,William David DDS,South,Laptop,2,850,2024-02-10,2024-02-13,0.0
1662,Emma Butler,South,Laptop,3,850,2024-02-20,2024-02-24,0.15
1663,James Webster,West,Tablet,3,300,2024-01-06,2024-01-12,0.15
1664,Samuel Turner,East,Mobile,4,400,2024-01-24,2024-01-26,0.15
1665,Renee Melendez,North,Mobile,4,400,2024-01-30,2024-02-02,0.05
1666,Tracy Grant,East,Tablet,1,300,2024-01-10,2024-01-17,0.0
1667,David Harris,West,Tablet,3,300,2024-02-21,2024-02-26,0.15
1668,Tammy Boone,South,Tablet,1,300,2024-02-23,2024-02-27,0.15
1669,Nathaniel Lee,South,Tablet,2,300,2024-01-31,2024-02-03,0.0
1670,Michael Morrison,East,Tablet,1,300,2024-02-02,2024-02-07,0.05
1671,Chelsea Gill,West,Mobile,2,400,2024-03-01,2024-03-03,0.05
1672,Kristin Mendoza,West,Laptop,1,850,2024-01-28,2024-01-29,0.15
1673,Felicia Krueger,North,Tablet,2,300,2024-02-23,2024-02-28,0.1
1674,Timothy Hayden,North,Tablet,1,300,2024-01-06,2024-01-10,0.15
1675,Zachary Mendoza,South,Mobile,5,400,2024-01-30,2024-02-06,0.0
1676,Larry Harris,East,Laptop,4,850,2024-01-10,2024-01-12,0.0
1677,Kristen Rowe,South,Tablet,1,300,2024-02-20,2024-02-23,0.1
1678,Joseph Howard,East,Mobile,4,400,2024-02-11,2024-02-15,0.15
1679,Jose Crawford,East,Laptop,3,850,2024-01-26,2024-01-28,0.15
1680,William Harrison,South,Mobile,3,400,2024-02-14,2024-02-16,0.0
1681,Suzanne Wood,North,Mobile,3,400,2024-01-02,2024-01-05,0.1
1682,Justin Walker,West,Mobile,4,400,2024-02-24,2024-03-01,0.0
1683,Dean Donovan,North,Laptop,3,850,2024-02-17,2024-02-21,0.1
1684,Jennifer Hernandez,West,Tablet,4,300,2024-02-08,2024-02-14,0.0
1685,James Whitaker,South,Mobile,2,400,2024-02-28,2024-03-06,0.15
1686,Mr. Michael Scott PhD,East,Tablet,3,300,2024-02-22,2024-02-23,0.05
1687,Maria Henry,West,Mobile,5,400,2024-01-26,2024-01-28,0.0
1688,Robert Jackson,East,Laptop,2,850,2024-02-23,2024-02-24,0.05
1689,Katherine Stark,North,Mobile,1,400,2024-02-28,2024-03-02,0.05
1690,Maria Brown,East,Mobile,4,400,2024-02-02,2024-02-06,0.0
1691,Ryan Landry,West,Laptop,3,850,2024-02-01,2024-02-06,0.15
1692,Pamela Gutierrez,West,Mobile,5,400,2024-02-05,2024-02-08,0.1
1693,Crystal Mann,East,Mobile,1,400,2024-01-19,2024-01-20,0.15
1694,Jonathan Brooks,West,Laptop,5,850,2024-02-19,2024-02-21,0.05
1695,Mary Jensen,East,Tablet,2,300,2024-01-18,2024-01-24,0.15
1696,Mr. Aaron Arnold,East,Tablet,1,300,2024-01-31,2024-02-02,0.05
1697,Joseph Hill,North,Laptop,3,850,2024-02-08,2024-02-15,0.1
1698,Alicia Li,North,Mobile,4,400,2024-02-24,2024-02-27,0.15
1699,Renee Browning,East,Laptop,4,850,2024-01-20,2024-01-26,0.15
1700,Brent Hernandez,North,Laptop,5,850,2024-02-12,2024-02-19,0.1
1701,Joseph Ochoa,North,Mobile,1,400,2024-01-31,2024-02-01,0.1
1702,James Watson,North,Tablet,3,300,2024-02-25,2024-02-28,0.1
1703,Karl Branch,East,Laptop,2,850,2024-02-03,2024-02-10,0.05
1704,Michael Abbott,East,Tablet,4,300,2024-02-12,2024-02-15,0.05
1705,Shannon Malone,South,Tablet,4,300,2024-01-19,2024-01-22,0.15
1706,James Tran,North,Mobile,1,400,2024-02-07,2024-02-13,0.05
1707,Adam Jackson,North,Tablet,2,300,2024-02-13,2024-02-18,0.15
1708,Mr. Richard Knight PhD,North,Tablet,3,300,2024-02-24,2024-02-26,0.05
1709,Joseph Williams,West,Laptop,4,850,2024-01-09,2024-01-15,0.1
1710,Sean Clay,North,Tablet,3,300,2024-02-11,2024-02-12,0.05
1711,Anthony Jones,North,Laptop,3,850,2024-01-27,2024-02-03,0.1
1712,Stephanie Elliott,South,Mobile,5,400,2024-01-19,2024-01-23,0.0
1713,Timothy Edwards,South,Laptop,5,850,2024-02-07,2024-02-12,0.0
1714,Laurie Goodwin,North,Laptop,5,850,2024-01-08,2024-01-15,0.15
1715,Jennifer Jones,West,Mobile,1,400,2024-02-25,2024-03-03,0.05
1716,David Davenport,West,Laptop,3,850,2024-01-27,2024-02-01,0.15
1717,Steven Rivera,North,Mobile,2,400,2024-02-19,2024-02-20,0.15
1718,Brenda Hinton,East,Tablet,2,300,2024-01-21,2024-01-27,0.0
1719,Kathryn Mccann,West,Mobile,3,400,2024-01-14,2024-01-21,0.05
1720,Jeffrey Roberson,South,Mobile,1,400,2024-01-09,2024-01-14,0.15
1721,Randy Friedman,East,Mobile,4,400,2024-01-31,2024-02-04,0.0
1722,Raymond Johnson,North,Tablet,2,300,2024-02-16,2024-02-19,0.0
1723,Willie Henry,West,Tablet,2,300,2024-01-02,2024-01-08,0.0
1724,Todd Reynolds,South,Laptop,3,850,2024-01-20,2024-01-22,0.0
1725,Mary Miller,East,Tablet,5,300,2024-01-20,2024-01-22,0.0
1726,Rebecca Marquez,South,Mobile,3,400,2024-01-30,2024-02-05,0.1
1727,Christian Dawson,West,Tablet,2,300,2024-01-22,2024-01-26,0.1
1728,Nancy Stewart,West,Laptop,4,850,2024-01-02,2024-01-04,0.05
1729,Aaron Parker,East,Laptop,1,850,2024-02-07,2024-02-12,0.05
1730,Derrick Anderson,East,Mobile,1,400,2024-01-25,2024-01-31,0.1
1731,Jerry Peters,East,Tablet,1,300,2024-02-12,2024-02-13,0.0
1732,Alexander Gomez,East,Tablet,1,300,2024-01-27,2024-01-31,0.15
1733,Kyle Nguyen,West,Tablet,3,300,2024-01-31,2024-02-06,0.05
1734,Edgar Hughes,North,Tablet,1,300,2024-01-20,2024-01-24,0.0
1735,Steven Stein,East,Tablet,5,300,2024-02-14,2024-02-16,0.15
1736,Laura Jackson,East,Tablet,5,300,2024-01-08,2024-01-11,0.0
1737,Charles Turner,West,Mobile,2,400,2024-02-08,2024-02-10,0.1
1738,Arthur Hamilton MD,South,Mobile,4,400,2024-01-19,2024-01-21,0.0
1739,Mr. David Wright,East,Laptop,4,850,2024-01-22,2024-01-24,0.0
1740,Linda Gonzalez,West,Tablet,1,300,2024-02-28,2024-02-29,0.15
1741,Eric Rush,North,Laptop,5,850,2024-01-05,2024-01-11,0.0
1742,Manuel Brock,South,Tablet,2,300,2024-01-30,2024-02-02,0.1
1743,George Ochoa,North,Laptop,1,850,2024-02-22,2024-02-24,0.0
1744,Valerie Taylor,East,Mobile,3,400,2024-01-28,2024-02-03,0.0
1745,Travis Harris,North,Laptop,1,850,2024-02-24,2024-02-26,0.05
1746,Vincent Novak,North,Mobile,4,400,2024-02-09,2024-02-12,0.0
1747,Michael Henry,South,Mobile,2,400,2024-01-08,2024-01-12,0.15
1748,Dana Bennett,South,Mobile,4,400,2024-02-14,2024-02-21,0.15
1749,Jenna Wilson,West,Tablet,2,300,2024-01-08,2024-01-10,0.0
1750,Leslie Gardner,South,Laptop,4,850,2024-02-28,2024-03-04,0.15
1751,Krista Benton,East,Laptop,5,850,2024-01-25,2024-02-01,0.1
1752,Michael Gonzales,South,Tablet,2,300,2024-01-31,2024-02-04,0.0
1753,Michael Fuentes,East,Mobile,1,400,2024-01-05,2024-01-08,0.1
1754,Jennifer Porter,North,Tablet,5,300,2024-02-19,2024-02-25,0.05
1755,Dana Hopkins,South,Tablet,5,300,2024-02-14,2024-02-20,0.0
1756,Rachel Jones,West,Tablet,2,300,2024-01-31,2024-02-03,0.15
1757,Karen Morales DDS,South,Tablet,5,300,2024-01-04,2024-01-05,0.05
1758,Melissa Stephens,North,Mobile,2,400,2024-01-05,2024-01-12,0.15
1759,Heather Woodard,South,Laptop,3,850,2024-01-18,2024-01-19,0.05
1760,Margaret Miller,South,Mobile,2,400,2024-01-06,2024-01-10,0.15
1761,Mary Kelly,South,Laptop,4,850,2024-01-29,2024-02-01,0.0
1762,Amanda Terrell,East,Tablet,1,300,2024-01-07,2024-01-11,0.15
1763,Jennifer Goodwin,North,Tablet,5,300,2024-01-01,2024-01-08,0.0
1764,Jessica Smith,North,Tablet,5,300,2024-01-14,2024-01-20,0.15
1765,Jorge Stone,North,Mobile,1,400,2024-02-22,2024-02-24,0.15
1766,Laura Griffin,South,Tablet,5,300,2024-02-08,2024-02-12,0.1
1767,Raymond Chapman,East,Laptop,1,850,2024-02-18,2024-02-24,0.05
1768,Haley Johnson,North,Mobile,3,400,2024-02-23,2024-02-29,0.1
1769,Jason Nixon,West,Tablet,1,300,2024-01-03,2024-01-05,0.15
1770,Todd Thomas,West,Tablet,4,300,2024-01-07,2024-01-10,0.05
1771,Jesse Clark,North,Laptop,4,850,2024-01-14,2024-01-18,0.05
1772,Mr. Jeffrey Horton,South,Laptop,4,850,2024-01-03,2024-01-09,0.0
1773,Eric Patrick,East,Mobile,5,400,2024-02-02,2024-02-04,0.15
1774,Samuel Wong,West,Tablet,1,300,2024-02-05,2024-02-09,0.15
1775,Carly Riggs,East,Tablet,5,300,2024-01-12,2024-01-18,0.05
1776,Christopher Moore,South,Mobile,5,400,2024-02-08,2024-02-11,0.15
1777,Tina Hall,North,Tablet,2,300,2024-01-18,2024-01-22,0.1
1778,Cody Davidson,North,Mobile,2,400,2024-01-09,2024-01-13,0.1
1779,Allen Mendez,West,Tablet,5,300,2024-02-10,2024-02-12,0.05
1780,Kevin Price,West,Tablet,3,300,2024-02-13,2024-02-16,0.05
1781,Christine Goodwin,East,Tablet,5,300,2024-02-14,2024-02-20,0.1
1782,Amy Garcia,North,Mobile,5,400,2024-01-31,2024-02-05,0.15
1783,Chelsea Nguyen,South,Mobile,1,400,2024-02-03,2024-02-04,0.0
1784,Dennis Huffman,North,Laptop,1,850,2024-02-12,2024-02-13,0.05
1785,Margaret Harper,East,Laptop,3,850,2024-02-13,2024-02-16,0.05
1786,Laurie Bailey,North,Tablet,3,300,2024-01-14,2024-01-21,0.0
1787,Lisa Cervantes,South,Mobile,1,400,2024-02-09,2024-02-16,0.05
1788,Elizabeth Mendez,East,Laptop,5,850,2024-02-20,2024-02-27,0.1
1789,Cesar Wilson,East,Mobile,4,400,2024-01-27,2024-02-03,0.1
1790,Clayton Steele,West,Laptop,3,850,2024-01-13,2024-01-18,0.15
1791,Jennifer Taylor,West,Tablet,3,300,2024-02-18,2024-02-23,0.05
1792,Cody Reid,West,Mobile,4,400,2024-01-12,2024-01-18,0.0
1793,Maria Cooke,South,Laptop,5,850,2024-01-08,2024-01-12,0.0
1794,Katherine Taylor,North,Mobile,5,400,2024-01-17,2024-01-19,0.05
1795,Jerry Brown,East,Laptop,3,850,2024-01-30,2024-02-05,0.05
1796,Adam Taylor,South,Laptop,3,850,2024-02-08,2024-02-09,0.1
1797,Tracey Wagner,West,Tablet,5,300,2024-01-23,2024-01-24,0.1
1798,Michael Perry PhD,South,Laptop,5,850,2024-01-05,2024-01-12,0.05
1799,Bradley Johnson DDS,West,Tablet,5,300,2024-01-26,2024-01-27,0.1
1800,Donald Medina,West,Laptop,3,850,2024-01-22,2024-01-25,0.1
1801,Jim Newton,East,Tablet,5,300,2024-01-31,2024-02-05,0.0
1802,Krista Wilson,East,Tablet,3,300,2024-01-29,2024-01-31,0.05
1803,Reginald Morrow,South,Tablet,3,300,2024-01-25,2024-02-01,0.0
1804,Rodney Williams,North,Mobile,5,400,2024-02-16,2024-02-19,0.0
1805,Kimberly Fritz,North,Tablet,5,300,2024-01-29,2024-02-02,0.0
1806,Ronald Potter,East,Tablet,2,300,2024-01-21,2024-01-26,0.0
1807,Zachary Cole,West,Laptop,5,850,2024-02-04,2024-02-05,0.0
1808,Robert Gonzales,East,Tablet,2,300,2024-02-25,2024-03-02,0.15
1809,Patricia Young PhD,East,Laptop,5,850,2024-02-23,2024-02-29,0.15
1810,Heather Page,East,Tablet,2,300,2024-01-02,2024-01-06,0.1
1811,Carol Taylor,East,Laptop,1,850,2024-01-04,2024-01-06,0.1
1812,Daniel Brown,South,Tablet,2,300,2024-02-28,2024-03-02,0.15
1813,Douglas Ryan,South,Mobile,4,400,2024-01-28,2024-01-31,0.0
1814,Michael Roberts,East,Tablet,1,300,2024-02-04,2024-02-05,0.0
1815,Scott Duke,North,Tablet,1,300,2024-01-23,2024-01-28,0.0
1816,Anna Estes,South,Tablet,3,300,2024-02-08,2024-02-09,0.1
1817,Tamara Riddle,South,Mobile,4,400,2024-02-22,2024-02-28,0.0
1818,Beth Cline,North,Laptop,5,850,2024-01-15,2024-01-17,0.15
1819,Michael Poole,East,Tablet,2,300,2024-01-20,2024-01-26,0.1
1820,Megan Burns,East,Tablet,5,300,2024-01-10,2024-01-11,0.0
1821,Debra Perry,North,Tablet,5,300,2024-01-26,2024-01-31,0.0
1822,Mark Beard,West,Laptop,3,850,2024-01-14,2024-01-18,0.05
1823,Jose Ramirez,West,Laptop,2,850,2024-02-09,2024-02-16,0.1
1824,Jackie Clements,South,Laptop,2,850,2024-02-12,2024-02-19,0.0
1825,Aaron Schroeder,North,Tablet,5,300,2024-01-05,2024-01-08,0.0
1826,Monica Ellis,North,Laptop,2,850,2024-02-16,2024-02-21,0.15
1827,Heather Brown,East,Mobile,2,400,2024-02-12,2024-02-18,0.05
1828,Claudia Jordan,South,Mobile,5,400,2024-01-05,2024-01-07,0.1
1829,Derrick Clayton,West,Mobile,3,400,2024-02-09,2024-02-15,0.1
1830,Kenneth Knight,South,Tablet,5,300,2024-01-24,2024-01-31,0.1
1831,Mr. Michael Williams,South,Laptop,1,850,2024-01-21,2024-01-23,0.05
1832,Richard Stevens,South,Mobile,3,400,2024-01-09,2024-01-15,0.1
1833,Scott Alexander,South,Mobile,4,400,2024-01-23,2024-01-30,0.1
1834,Tyler Harris,North,Tablet,1,300,2024-01-12,2024-01-18,0.0
1835,Bonnie Santos,East,Laptop,5,850,2024-01-13,2024-01-16,0.0
1836,Timothy Hill,West,Laptop,5,850,2024-02-10,2024-02-11,0.15
1837,Danielle Watson,West,Laptop,5,850,2024-01-17,2024-01-22,0.15
1838,Carol Sanders,West,Mobile,4,400,2024-01-15,2024-01-22,0.1
1839,Michael Young,North,Mobile,5,400,2024-02-02,2024-02-03,0.15
1840,Michele Smith,West,Tablet,1,300,2024-02-12,2024-02-14,0.05
1841,Casey Perez,South,Mobile,2,400,2024-01-12,2024-01-17,0.05
1842,Alexandra Dominguez,West,Mobile,1,400,2024-01-15,2024-01-22,0.15
1843,Virginia Henderson,West,Laptop,3,850,2024-01-24,2024-01-26,0.0
1844,Benjamin Reyes,East,Tablet,3,300,2024-01-25,2024-01-29,0.15
1845,Ashley Edwards,North,Laptop,3,850,2024-01-07,2024-01-13,0.1
1846,Breanna Ayala,South,Tablet,5,300,2024-02-06,2024-02-08,0.15
1847,Brandi Haney,North,Mobile,5,400,2024-02-11,2024-02-18,0.0
1848,Joseph Smith,North,Mobile,2,400,2024-02-03,2024-02-07,0.1
1849,Jessica Bowen,West,Mobile,4,400,2024-02-26,2024-03-02,0.0
1850,Brittany Jenkins,West,Mobile,2,400,2024-01-15,2024-01-16,0.1
1851,Shannon Miller,West,Laptop,2,850,2024-01-11,2024-01-14,0.0
1852,Paul Lawrence,South,Mobile,3,400,2024-02-16,2024-02-17,0.15
1853,Victor Edwards,East,Mobile,2,400,2024-02-07,2024-02-09,0.15
1854,Donald Miller,West,Laptop,1,850,2024-01-09,2024-01-14,0.05
1855,Lindsay Lawson,East,Tablet,5,300,2024-01-03,2024-01-08,0.05
1856,Melissa Abbott,East,Laptop,3,850,2024-02-29,2024-03-02,0.15
1857,Elizabeth Holmes,South,Tablet,3,300,2024-03-01,2024-03-02,0.05
1858,Nicole Phillips,West,Tablet,4,300,2024-02-25,2024-02-29,0.05
1859,Steven Blevins,North,Mobile,5,400,2024-01-10,2024-01-17,0.05
1860,Brian Porter MD,West,Laptop,3,850,2024-02-29,2024-03-04,0.0
1861,Vanessa Hatfield,West,Mobile,4,400,2024-01-09,2024-01-10,0.0
1862,Bonnie Valencia,East,Tablet,5,300,2024-02-13,2024-02-17,0.05
1863,Holly Vega,East,Laptop,4,850,2024-02-27,2024-03-03,0.0
1864,Tiffany Townsend,South,Laptop,4,850,2024-02-12,2024-02-14,0.0
1865,Austin Baker,South,Tablet,4,300,2024-01-24,2024-01-31,0.0
1866,Antonio Mccormick,North,Laptop,4,850,2024-02-20,2024-02-27,0.15
1867,Lori Mason,North,Tablet,5,300,2024-01-07,2024-01-11,0.05
1868,Michael Miller,North,Mobile,2,400,2024-02-28,2024-03-06,0.0
1869,Lisa Ramirez,East,Tablet,5,300,2024-01-27,2024-01-30,0.05
1870,Jorge Harris,East,Tablet,1,300,2024-02-06,2024-02-11,0.0
1871,Kimberly Myers,South,Mobile,2,400,2024-02-14,2024-02-21,0.1
1872,Sandra Becker,North,Mobile,1,400,2024-01-10,2024-01-14,0.1
1873,Michael Blair,South,Tablet,4,300,2024-02-06,2024-02-09,0.1
1874,Amy Miller,West,Laptop,4,850,2024-02-05,2024-02-12,0.15
1875,Jesse Lynch,North,Mobile,5,400,2024-02-05,2024-02-09,0.1
1876,Patrick Yang,West,Tablet,3,300,2024-02-19,2024-02-25,0.15
1877,Michael Miles,West,Tablet,1,300,2024-02-17,2024-02-19,0.15
1878,Troy Mills,East,Laptop,2,850,2024-02-02,2024-02-06,0.1
1879,Michelle Jackson,West,Laptop,4,850,2024-02-10,2024-02-11,0.0
1880,Richard Adams,North,Mobile,5,400,2024-01-28,2024-01-29,0.0
1881,Patricia Johnson,South,Laptop,3,850,2024-01-06,2024-01-11,0.0
1882,Denise Brown,East,Mobile,5,400,2024-02-11,2024-02-16,0.1
1883,Laura Jones,North,Laptop,4,850,2024-01-29,2024-01-30,0.05
1884,Ian Porter,West,Laptop,1,850,2024-02-20,2024-02-25,0.05
1885,Holly Scott,West,Tablet,1,300,2024-01-24,2024-01-26,0.0
1886,Kenneth Sharp,South,Laptop,3,850,2024-02-19,2024-02-23,0.1
1887,Jordan Williams,East,Mobile,5,400,2024-01-13,2024-01-18,0.0
1888,Dana Ruiz,North,Laptop,5,850,2024-01-19,2024-01-25,0.1
1889,Chris Velazquez,South,Mobile,2,400,2024-02-08,2024-02-10,0.15
1890,Kristen Sloan,East,Tablet,1,300,2024-01-17,2024-01-19,0.15
1891,Jennifer Morris,East,Tablet,1,300,2024-02-02,2024-02-05,0.1
1892,Nathan Nelson,South,Tablet,3,300,2024-02-26,2024-03-02,0.1
1893,Jake Shaw,North,Mobile,5,400,2024-01-31,2024-02-07,0.05
1894,Cassie Brock,South,Mobile,4,400,2024-02-27,2024-03-03,0.0
1895,Dr. Andrea Marshall,West,Laptop,3,850,2024-01-05,2024-01-09,0.05
1896,Ryan Murphy,North,Mobile,4,400,2024-01-23,2024-01-28,0.0
1897,Aimee Gonzalez,East,Laptop,3,850,2024-01-06,2024-01-10,0.1
1898,Elizabeth Dean,West,Tablet,2,300,2024-01-31,2024-02-03,0.1
1899,Kevin Snyder,South,Tablet,3,300,2024-01-12,2024-01-18,0.05
1900,Christie Mccullough,North,Tablet,2,300,2024-01-16,2024-01-22,0.05
1901,Danielle Smith,North,Laptop,2,850,2024-01-13,2024-01-20,0.05
1902,David Reed,East,Laptop,1,850,2024-01-08,2024-01-09,0.15
1903,Sherry Tapia,North,Tablet,1,300,2024-02-24,2024-02-28,0.1
1904,Matthew Sweeney,West,Mobile,5,400,2024-02-25,2024-02-28,0.15
1905,Ashley Moreno,East,Tablet,3,300,2024-01-26,2024-01-28,0.05
1906,Johnathan Brown,North,Tablet,4,300,2024-01-31,2024-02-05,0.0
1907,Michelle Davis DVM,North,Mobile,2,400,2024-01-30,2024-01-31,0.15
1908,Kelly Haynes,South,Tablet,1,300,2024-01-01,2024-01-07,0.05
1909,William Miller,West,Tablet,1,300,2024-01-21,2024-01-24,0.1
1910,Casey Wilkins,North,Tablet,3,300,2024-01-16,2024-01-19,0.15
1911,Keith Graham,South,Mobile,2,400,2024-02-01,2024-02-05,0.05
1912,Cynthia Green,North,Tablet,3,300,2024-01-24,2024-01-31,0.15
1913,Robert Haynes,East,Mobile,2,400,2024-02-06,2024-02-08,0.05
1914,Emily Nelson,South,Tablet,3,300,2024-02-21,2024-02-23,0.15
1915,Dale Chan,South,Laptop,2,850,2024-02-21,2024-02-27,0.05
1916,Brittney Martin,North,Laptop,2,850,2024-01-27,2024-01-31,0.05
1917,Jason Herrera,South,Mobile,3,400,2024-01-17,2024-01-22,0.0
1918,Christine Parker,South,Laptop,2,850,2024-01-04,2024-01-06,0.1
1919,Bryan Moore,North,Tablet,1,300,2024-01-29,2024-02-04,0.1
1920,Samantha Terry,North,Mobile,3,400,2024-02-05,2024-02-10,0.1
1921,Russell Murphy,West,Laptop,4,850,2024-01-08,2024-01-11,0.05
1922,David Kelly,South,Mobile,3,400,2024-01-21,2024-01-27,0.15
1923,Megan Green,West,Laptop,4,850,2024-02-09,2024-02-12,0.15
1924,Amanda Sullivan MD,East,Laptop,3,850,2024-01-27,2024-02-02,0.15
1925,Danielle Murray,North,Laptop,2,850,2024-01-22,2024-01-24,0.1
1926,Brenda Smith,North,Tablet,3,300,2024-02-15,2024-02-18,0.15
1927,Vickie Anderson,South,Mobile,3,400,2024-02-17,2024-02-22,0.15
1928,Jacqueline Mccoy,West,Laptop,2,850,2024-02-24,2024-02-25,0.05
1929,Lauren Green,West,Tablet,3,300,2024-03-01,2024-03-07,0.0
1930,Alison Brown,South,Laptop,4,850,2024-01-07,2024-01-08,0.0
1931,Jill Anderson,East,Tablet,1,300,2024-01-02,2024-01-09,0.15
1932,Sandra Rivera,South,Laptop,3,850,2024-02-09,2024-02-11,0.0
1933,Joel Jackson,South,Mobile,2,400,2024-01-16,2024-01-22,0.1
1934,Samantha Foster,East,Tablet,2,300,2024-01-09,2024-01-14,0.05
1935,Michael Thompson,South,Laptop,3,850,2024-02-25,2024-02-28,0.15
1936,Cody Ramirez,West,Tablet,3,300,2024-02-05,2024-02-09,0.05
1937,Amanda Harvey,North,Tablet,5,300,2024-01-30,2024-02-05,0.15
1938,Edward Jenkins,South,Mobile,4,400,2024-02-04,2024-02-06,0.0
1939,Amy Ramirez,North,Mobile,3,400,2024-01-27,2024-01-30,0.05
1940,Curtis Wilkerson,North,Laptop,1,850,2024-02-03,2024-02-10,0.05
1941,Lydia Pham,South,Mobile,4,400,2024-02-04,2024-02-05,0.15
1942,Virginia Casey,West,Mobile,1,400,2024-02-19,2024-02-23,0.1
1943,Joshua Washington,South,Laptop,5,850,2024-01-24,2024-01-26,0.15
1944,Kathryn Price,South,Mobile,2,400,2024-01-11,2024-01-17,0.15
1945,Francis Robinson,North,Laptop,3,850,2024-01-06,2024-01-10,0.05
1946,Paula Brown,West,Mobile,5,400,2024-02-21,2024-02-24,0.15
1947,Kendra Wang DVM,South,Laptop,2,850,2024-01-09,2024-01-12,0.0
1948,Ariel Sandoval,West,Tablet,4,300,2024-01-18,2024-01-24,0.15
1949,Robert Stark,West,Mobile,1,400,2024-01-10,2024-01-11,0.0
1950,Zachary Robinson,East,Laptop,3,850,2024-01-18,2024-01-20,0.15
1951,Rebecca Kelly,West,Laptop,1,850,2024-01-10,2024-01-11,0.15
1952,Sarah Thompson,North,Mobile,4,400,2024-01-20,2024-01-27,0.15
1953,Renee Wolfe,East,Mobile,1,400,2024-01-22,2024-01-23,0.05
1954,Alyssa Haynes,West,Mobile,4,400,2024-01-05,2024-01-10,0.15
1955,Kristy Hart,East,Laptop,3,850,2024-02-22,2024-02-26,0.0
1956,William Keith,West,Tablet,2,300,2024-01-25,2024-02-01,0.15
1957,Eric Henry Jr.,West,Tablet,1,300,2024-01-13,2024-01-17,0.0
1958,Daniel Fox,West,Mobile,4,400,2024-02-13,2024-02-16,0.1
1959,Thomas Harris,North,Tablet,1,300,2024-02-17,2024-02-22,0.0
1960,Mitchell Sellers,West,Mobile,3,400,2024-01-13,2024-01-16,0.0
1961,Erica Johnson,East,Laptop,2,850,2024-02-10,2024-02-14,0.1
1962,Sylvia Schroeder,West,Laptop,3,850,2024-02-07,2024-02-08,0.15
1963,Shannon Yu,West,Laptop,1,850,2024-02-07,2024-02-14,0.15
1964,Tom Foster,East,Mobile,1,400,2024-01-16,2024-01-18,0.15
1965,Eric Taylor,East,Tablet,5,300,2024-01-22,2024-01-29,0.0
1966,Travis Conner,West,Mobile,2,400,2024-02-14,2024-02-19,0.0
1967,Marie Thompson,South,Mobile,2,400,2024-01-21,2024-01-26,0.1
1968,Melissa Mcfarland,North,Tablet,2,300,2024-01-02,2024-01-08,0.15
1969,Courtney Chapman,South,Tablet,2,300,2024-01-17,2024-01-18,0.15
1970,Eric Barker,West,Tablet,3,300,2024-02-04,2024-02-10,0.15
1971,Nicholas Rush,South,Tablet,2,300,2024-02-04,2024-02-07,0.1
1972,Jenna Gamble,East,Mobile,5,400,2024-02-28,2024-03-06,0.05
1973,Amanda Guzman,North,Tablet,2,300,2024-01-29,2024-02-01,0.1
1974,Tracy Walker,West,Mobile,1,400,2024-02-19,2024-02-25,0.15
1975,Taylor Taylor,North,Laptop,5,850,2024-02-24,2024-02-27,0.05
1976,Cynthia Haas,West,Tablet,1,300,2024-02-12,2024-02-17,0.15
1977,Stephen Davis,North,Tablet,4,300,2024-02-19,2024-02-24,0.05
1978,Margaret Tanner,East,Mobile,4,400,2024-02-11,2024-02-14,0.0
1979,Derek Wright,West,Tablet,1,300,2024-01-03,2024-01-10,0.05
1980,David Rodriguez,East,Laptop,2,850,2024-01-07,2024-01-11,0.05
1981,James Oconnor,South,Laptop,5,850,2024-02-11,2024-02-18,0.15
1982,Stacey Snyder,East,Tablet,5,300,2024-02-14,2024-02-19,0.1
1983,Joshua Garcia,East,Mobile,2,400,2024-02-08,2024-02-14,0.0
1984,Sean Curtis,South,Laptop,4,850,2024-02-29,2024-03-07,0.0
1985,Carla Jones,North,Tablet,1,300,2024-01-24,2024-01-29,0.15
1986,Elizabeth Flores,East,Tablet,1,300,2024-02-22,2024-02-27,0.1
1987,Angela Jackson,West,Tablet,1,300,2024-02-23,2024-02-26,0.0
1988,Nicholas Payne,South,Tablet,1,300,2024-01-07,2024-01-13,0.05
1989,Anna Wheeler,West,Laptop,2,850,2024-02-03,2024-02-09,0.05
1990,Karen Johnson,North,Tablet,5,300,2024-01-27,2024-02-02,0.0
1991,Carmen Preston,East,Tablet,4,300,2024-02-14,2024-02-20,0.15
1992,Brian Harris,West,Laptop,2,850,2024-02-05,2024-02-09,0.1
1993,Michael Bowen,North,Tablet,5,300,2024-01-29,2024-02-01,0.1
1994,Deborah Campbell,North,Mobile,4,400,2024-02-18,2024-02-24,0.15
1995,Anthony Armstrong,South,Tablet,2,300,2024-02-06,2024-02-11,0.05
1996,Brittany Ward,South,Tablet,3,300,2024-01-24,2024-01-28,0.15
1997,Edward Stanley,West,Laptop,1,850,2024-01-19,2024-01-24,0.0
1998,Christina Johnson,North,Mobile,1,400,2024-01-20,2024-01-22,0.05
1999,Edgar Miller,East,Laptop,3,850,2024-02-28,2024-03-04,0.05
2000,Elizabeth Sanders,North,Laptop,4,850,2024-01-23,2024-01-25,0.05
